Login,Password,address1,address2,pass1,arrive,depart
valentin,petrov,Lesnaya,Yuzhnaya,valentin petrov,Denver,Zurich
alla,nosova,Tsvetkova,Lesnaya,alla nosova,Frankfurt,Sydney
lena,gus,Kutyakova,Tsvetkova,lena gus,London,Seattle
alexey,pirov,Sennaya,Kutyakova,alexey pirov,Los Angeles,San Francisco
kirill,scar,Lunnaya,Sennaya,kirill scar,Paris,Los Angeles
galina,shock,Gorky,Lunnaya,galina shock,Portland,Seattle
alena,Isakova,Novaya,Gorky,alena Isakova,San Francisco,Frankfurt
david,jones,Rabochaya,Novaya,david jones,Seattle,Denver
maria,orlova,Sadovaya,Rabochaya,maria orlova,Sydney,London
oleg,ivanov,Lesnaya,Tsvetochnaya,oleg ivanov,Seattle,Denver
